{"cameraMode":{"drawMode":0,"name":"Shaded","section":"Shading Mode"},"sceneLighting":true,"audioPlay":false,"sceneViewState":{"m_AlwaysRefresh":false,"showFog":true,"showSkybox":true,"showFlares":true,"showImageEffects":true,"showParticleSystems":true,"showVisualEffectGraphs":true,"m_FxEnabled":true},"in2DMode":false,"pivot":{"x":-0.6928941011428833,"y":-0.20350709557533265,"z":0.2662127912044525},"rotation":{"x":0.22242021560668946,"y":-0.46136462688446047,"z":0.12066715210676193,"w":0.8503676056861877},"size":1.0806742906570435,"orthographic":false}