{"cameraMode":{"drawMode":0,"name":"Shaded","section":"Shading Mode"},"sceneLighting":true,"audioPlay":false,"sceneViewState":{"m_AlwaysRefresh":false,"showFog":true,"showSkybox":true,"showFlares":true,"showImageEffects":true,"showParticleSystems":true,"showVisualEffectGraphs":true,"m_FxEnabled":true},"in2DMode":false,"pivot":{"x":-0.3294041156768799,"y":-0.3574562072753906,"z":0.11628174781799317},"rotation":{"x":-0.07554846256971359,"y":-0.8945671916007996,"z":0.16555798053741456,"w":-0.4082144498825073},"size":3.1464524269104006,"orthographic":false}